populationPerCluster;[493, 532, 947]
buildingsPerCluster;[176, 241, 307]
KV:0
Coverage of the network;100
Length of f/c Grans (m);[1, 2, 4, 8, 24, 48, 96, 144] is: [4854.38, 14851.804, 20485.901, 1383.364, 0.0, 0.0, 0.0, 0.0]
Length of s/d Grans (m);[7, 24] is: [3582.373, 1911.922]
Length of d Grans (m);[1] is: [4701.004]
Unit Costs;[[1.0, 1.08, 1.15, 1.2, 1.24, 1.3, 1.4, 1.48], [0.0], [2, 3], [1]]
Total Distribution Network Length (m);4701.004
Total Distribution Network Cost ($);100385.828
Total Distribution Network Trench Cost ($);32907.029
Total Distribution Network Gran Cost ($);63478.799
Number of Manholes Oneway;0
Number of Manholes Twoway;0
Number of Manholes Threeway;10
Number of New Manholes;0
Manholes Cost ($);1000
Number of Splices in DHN;1174
DHN cost;3000
KV:1
Coverage of the network;100
Length of f/c Grans (m);[1, 2, 4, 8, 24, 48, 96, 144] is: [17768.749, 48703.731, 22837.741, 3278.258, 0.0, 0.0, 0.0, 0.0]
Length of s/d Grans (m);[7, 24] is: [6786.418, 4056.444]
Length of d Grans (m);[1] is: [8788.939]
Unit Costs;[[1.0, 1.08, 1.15, 1.2, 1.24, 1.3, 1.4, 1.48], [0.0], [2, 3], [1]]
Total Distribution Network Length (m);8788.939
Total Distribution Network Cost ($);201263.273
Total Distribution Network Trench Cost ($);61522.572
Total Distribution Network Gran Cost ($);134540.701
Number of Manholes Oneway;0
Number of Manholes Twoway;0
Number of Manholes Threeway;22
Number of New Manholes;0
Manholes Cost ($);2200
Number of Splices in DHN;1210
DHN cost;3000
KV:2
Coverage of the network;100
Length of f/c Grans (m);[1, 2, 4, 8, 24, 48, 96, 144] is: [21744.664, 8098.767, 66596.468, 12318.669, 994.937, 0.0, 0.0, 0.0]
Length of s/d Grans (m);[7, 24] is: [6062.284, 4915.885]
Length of d Grans (m);[1] is: [8539.519]
Unit Costs;[[1.0, 1.08, 1.15, 1.2, 1.24, 1.3, 1.4, 1.48], [0.0], [2, 3], [1]]
Total Distribution Network Length (m);8539.519
Total Distribution Network Cost ($);223428.253
Total Distribution Network Trench Cost ($);59776.636
Total Distribution Network Gran Cost ($);158151.617
Number of Manholes Oneway;0
Number of Manholes Twoway;0
Number of Manholes Threeway;25
Number of New Manholes;0
Manholes Cost ($);2500
Number of Splices in DHN;2374
DHN cost;3000
Central Office
Length of f/c Grans (m);[96, 192] is: [781.457, 4830.689]
Length of s/d Grans (m);[7, 14] is: [485.084, 160.016]
Length of d Grans (m);[1] is: [645.099]
Unit Costs;[[1.15, 1.4], [0.0], [2, 3], [1]]
Total Feeder Network Length (m);645.099
Total Feeder Network Cost ($);26872.647
Total Feeder Network Trench Cost ($);4515.694
Total Feeder Network Gran Cost ($);9756.953
Number of Manholes Oneway;3
Number of Manholes Twoway;26
Number of Manholes Threeway;0
Number of New Manholes;0
Manholes Cost ($);2600
Number of Splices in CO;4896
CO cost;10000
Number of Splices in DHNs;1248
Number of Splices in DHNs;1248
Number of Splices in DHNs;2400
